<Footprint name="SOD123_DIO" >
  <Units type="mils" precision="3" />
  <Extents minX="-2388.34646606445" minY="-2487.00787353516" width="4014.44882202148" height="4136.66137695313" />
  <Padstack name="r110_61" type="single" > 
    <Layers>
      <Layer name="TOP" >
        <Pad shape="rectangle" width="43.307" height="24.0157" /> 
      </Layer>
      <Layer name="PASTEMASK_TOP" >
        <Pad shape="rectangle" width="43.307" height="24.0157" /> 
      </Layer>
      <Layer name="SOLDERMASK_TOP" >
        <Pad shape="rectangle" width="43.307" height="24.0157" /> 
      </Layer>
    </Layers>
  </Padstack>

  <Padstack name="r110_61" type="single" > 
    <Layers>
      <Layer name="TOP" >
        <Pad shape="rectangle" width="43.307" height="24.0157" /> 
      </Layer>
      <Layer name="PASTEMASK_TOP" >
        <Pad shape="rectangle" width="43.307" height="24.0157" /> 
      </Layer>
      <Layer name="SOLDERMASK_TOP" >
        <Pad shape="rectangle" width="43.307" height="24.0157" /> 
      </Layer>
    </Layers>
  </Padstack>
  <TextBlocks>
    <TextBlock name="17" width="6.25" height="25" lineSpacing="25" characterSpacing="6.25" /> 
  </TextBlocks>

  <Pins>
    <Pin number="1" padName="r110_61" originX="-67.9134" originY="0" rotation="0" isMechanical="no" textBlockName="17" />
    <Pin number="2" padName="r110_61" originX="67.9134" originY="0" rotation="0" isMechanical="no" textBlockName="17" />
  </Pins>
  <Vias>
  </Vias>
  <Layers>
    <Layer name="PACKAGE GEOMETRY/ASSEMBLY_TOP" packageHeight="32" >
      <Path lineWidth="0" type="line" >
        <Point x="-56.1023" y="-10.8268" />
        <Point x="-56.1023" y="10.8268" />
      </Path>
    </Layer>
    <Layer name="PACKAGE GEOMETRY/ASSEMBLY_TOP" packageHeight="32" >
      <Path lineWidth="0" type="line" >
        <Point x="-56.1023" y="10.8268" />
        <Point x="-75.7874" y="10.8268" />
      </Path>
    </Layer>
    <Layer name="PACKAGE GEOMETRY/ASSEMBLY_TOP" packageHeight="32" >
      <Path lineWidth="0" type="line" >
        <Point x="-75.7874" y="10.8268" />
        <Point x="-75.7874" y="-10.8268" />
      </Path>
    </Layer>
    <Layer name="PACKAGE GEOMETRY/ASSEMBLY_TOP" packageHeight="32" >
      <Path lineWidth="0" type="line" >
        <Point x="-75.7874" y="-10.8268" />
        <Point x="-56.1023" y="-10.8268" />
      </Path>
    </Layer>
    <Layer name="PACKAGE GEOMETRY/ASSEMBLY_TOP" packageHeight="32" >
      <Path lineWidth="0" type="line" >
        <Point x="56.1023" y="10.8268" />
        <Point x="56.1023" y="-10.8268" />
      </Path>
    </Layer>
    <Layer name="PACKAGE GEOMETRY/ASSEMBLY_TOP" packageHeight="32" >
      <Path lineWidth="0" type="line" >
        <Point x="56.1023" y="-10.8268" />
        <Point x="75.7874" y="-10.8268" />
      </Path>
    </Layer>
    <Layer name="PACKAGE GEOMETRY/ASSEMBLY_TOP" packageHeight="32" >
      <Path lineWidth="0" type="line" >
        <Point x="75.7874" y="-10.8268" />
        <Point x="75.7874" y="10.8268" />
      </Path>
    </Layer>
    <Layer name="PACKAGE GEOMETRY/ASSEMBLY_TOP" packageHeight="32" >
      <Path lineWidth="0" type="line" >
        <Point x="75.7874" y="10.8268" />
        <Point x="56.1023" y="10.8268" />
      </Path>
    </Layer>
    <Layer name="VIA KEEPOUT/TOP" packageHeight="32" >
      <Path lineWidth="6" type="shape" >
        <Point x="-44.2598686218262" y="24.574800491333" />
        <Point x="44.2598686218262" y="24.574800491333" />
        <Point x="44.2598686218262" y="-24.574800491333" />
        <Point x="-44.2598686218262" y="-24.574800491333" />
        <Point x="-44.2598686218262" y="24.574800491333" />
      </Path>
    </Layer>
    <Layer name="ROUTE KEEPOUT/TOP" packageHeight="32" >
      <Path lineWidth="6" type="shape" >
        <Point x="-44.2598686218262" y="24.574800491333" />
        <Point x="44.2598686218262" y="24.574800491333" />
        <Point x="44.2598686218262" y="-24.574800491333" />
        <Point x="-44.2598686218262" y="-24.574800491333" />
        <Point x="-44.2598686218262" y="24.574800491333" />
      </Path>
    </Layer>
    <Layer name="PACKAGE GEOMETRY/PLACE_BOUND_TOP" packageHeight="32" packageHeightMin="0">
      <Path lineWidth="6" type="shape" >
        <Point x="-99.5669" y="-22.0079" />
        <Point x="-99.5669" y="22.0079" />
        <Point x="-66.1023" y="22.0079" />
        <Point x="-66.1023" y="36.5748" />
        <Point x="66.1023" y="36.5748" />
        <Point x="66.1023" y="22.0079" />
        <Point x="99.5669" y="22.0079" />
        <Point x="99.5669" y="-22.0079" />
        <Point x="66.1023" y="-22.0079" />
        <Point x="66.1023" y="-36.5748" />
        <Point x="-66.1023" y="-36.5748" />
        <Point x="-66.1023" y="-22.0079" />
        <Point x="-99.5669" y="-22.0079" />
      </Path>
    </Layer>
    <Layer name="MANUFACTURING/NO_PROBE_TOP" packageHeight="32" >
      <Path lineWidth="6" type="shape" >
        <Point x="-97.0669" y="-34.0748" />
        <Point x="-97.0669" y="34.0748" />
        <Point x="97.0669" y="34.0748" />
        <Point x="97.0669" y="-34.0748" />
        <Point x="-97.0669" y="-34.0748" />
      </Path>
    </Layer>
    <Layer name="REF DES/SILKSCREEN_TOP" packageHeight="32" >
      <Label layer="REF DES/SILKSCREEN_TOP" textBlock="3" angle="0" x="0" y="-25" text="Ref" justify="center" />
    </Layer>
    <Layer name="DEVICE TYPE/SILKSCREEN_TOP" packageHeight="32" >
      <Label layer="DEVICE TYPE/SILKSCREEN_TOP" textBlock="3" angle="0" x="0" y="-25" text="Dev" justify="center" />
    </Layer>
    <Layer name="USER PART NUMBER/SILKSCREEN_TOP" packageHeight="32" >
      <Label layer="USER PART NUMBER/SILKSCREEN_TOP" textBlock="3" angle="0" x="0" y="-25" text="PN" justify="center" />
    </Layer>
    <Layer name="DEVICE TYPE/ASSEMBLY_TOP" packageHeight="32" >
      <Label layer="DEVICE TYPE/ASSEMBLY_TOP" textBlock="3" angle="0" x="0" y="-25" text="DEV" justify="center" />
    </Layer>
    <Layer name="COMPONENT VALUE/SILKSCREEN_TOP" packageHeight="32" >
      <Label layer="COMPONENT VALUE/SILKSCREEN_TOP" textBlock="3" angle="0" x="0" y="-25" text="VAL" justify="center" />
    </Layer>
    <Layer name="TOLERANCE/SILKSCREEN_TOP" packageHeight="32" >
      <Label layer="TOLERANCE/SILKSCREEN_TOP" textBlock="3" angle="0" x="0" y="-25" text="TOL" justify="center" />
    </Layer>
    <Layer name="REF DES/ASSEMBLY_TOP" packageHeight="32" >
      <Label layer="REF DES/ASSEMBLY_TOP" textBlock="3" angle="0" x="0" y="-25" text="Ref" justify="center" />
    </Layer>
    <Layer name="PACKAGE GEOMETRY/ASSEMBLY_TOP" packageHeight="32" >
      <Label layer="PACKAGE GEOMETRY/ASSEMBLY_TOP" textBlock="3" angle="0" x="-46.1023" y="-25" text="*" justify="center" />
    </Layer>
    <Layer name="PACKAGE GEOMETRY/SILKSCREEN_TOP" packageHeight="32" >
      <Label layer="PACKAGE GEOMETRY/SILKSCREEN_TOP" textBlock="3" angle="0" x="-104.5669" y="-25" text="*" justify="center" />
    </Layer>
    <Layer name="PACKAGE GEOMETRY/ASSEMBLY_TOP" packageHeight="32" >
      <Path lineWidth="0" type="line" >
        <Point x="-56.1023" y="13.2874" />
        <Point x="-42.8149" y="26.5748" />
      </Path>
    </Layer>
    <Layer name="PACKAGE GEOMETRY/ASSEMBLY_TOP" packageHeight="32" >
      <Path lineWidth="0" type="line" >
        <Point x="-56.1023" y="-13.2874" />
        <Point x="-42.8149" y="-26.5748" />
      </Path>
    </Layer>
    <Layer name="PACKAGE GEOMETRY/SILKSCREEN_TOP" packageHeight="32" >
      <Path lineWidth="6" type="line" >
        <Point x="-61.1023" y="-31.5748" />
        <Point x="61.1023" y="-31.5748" />
      </Path>
    </Layer>
    <Layer name="PACKAGE GEOMETRY/SILKSCREEN_TOP" packageHeight="32" >
      <Path lineWidth="6" type="line" >
        <Point x="61.1023" y="-31.5748" />
        <Point x="61.1023" y="-25.1079" />
      </Path>
    </Layer>
    <Layer name="PACKAGE GEOMETRY/SILKSCREEN_TOP" packageHeight="32" >
      <Path lineWidth="6" type="line" >
        <Point x="61.1023" y="31.5748" />
        <Point x="-61.1023" y="31.5748" />
      </Path>
    </Layer>
    <Layer name="PACKAGE GEOMETRY/SILKSCREEN_TOP" packageHeight="32" >
      <Path lineWidth="6" type="line" >
        <Point x="-61.1023" y="31.5748" />
        <Point x="-61.1023" y="25.1079" />
      </Path>
    </Layer>
    <Layer name="PACKAGE GEOMETRY/ASSEMBLY_TOP" packageHeight="32" >
      <Path lineWidth="0" type="line" >
        <Point x="-56.1023" y="-26.5748" />
        <Point x="56.1023" y="-26.5748" />
      </Path>
    </Layer>
    <Layer name="PACKAGE GEOMETRY/ASSEMBLY_TOP" packageHeight="32" >
      <Path lineWidth="0" type="line" >
        <Point x="56.1023" y="-26.5748" />
        <Point x="56.1023" y="26.5748" />
      </Path>
    </Layer>
    <Layer name="PACKAGE GEOMETRY/ASSEMBLY_TOP" packageHeight="32" >
      <Path lineWidth="0" type="line" >
        <Point x="56.1023" y="26.5748" />
        <Point x="-56.1023" y="26.5748" />
      </Path>
    </Layer>
    <Layer name="PACKAGE GEOMETRY/ASSEMBLY_TOP" packageHeight="32" >
      <Path lineWidth="0" type="line" >
        <Point x="-56.1023" y="26.5748" />
        <Point x="-56.1023" y="-26.5748" />
      </Path>
    </Layer>
    <Layer name="PACKAGE GEOMETRY/SILKSCREEN_TOP" packageHeight="32" >
      <Path lineWidth="6" type="line" >
        <Point x="-61.1023" y="-25.1079" />
        <Point x="-61.1023" y="-31.5748" />
      </Path>
    </Layer>
    <Layer name="PACKAGE GEOMETRY/SILKSCREEN_TOP" packageHeight="32" >
      <Path lineWidth="6" type="line" >
        <Point x="61.1023" y="25.1079" />
        <Point x="61.1023" y="31.5748" />
      </Path>
    </Layer>
  </Layers>
</Footprint>
