<Footprint name="SOT-323_DIO-L" >
  <Units type="mils" precision="3" />
  <Extents minX="-2513.30708312988" minY="-2524.21258544922" width="4051.61416625977" height="4178.78741455078" />
  <Padstack name="r42_80" type="single" > 
    <Layers>
      <Layer name="TOP" >
        <Pad shape="rectangle" width="16.5354" height="31.496" /> 
      </Layer>
      <Layer name="PASTEMASK_TOP" >
        <Pad shape="rectangle" width="16.5354" height="31.496" /> 
      </Layer>
      <Layer name="SOLDERMASK_TOP" >
        <Pad shape="rectangle" width="16.5354" height="31.496" /> 
      </Layer>
    </Layers>
  </Padstack>

  <Padstack name="r42_80" type="single" > 
    <Layers>
      <Layer name="TOP" >
        <Pad shape="rectangle" width="16.5354" height="31.496" /> 
      </Layer>
      <Layer name="PASTEMASK_TOP" >
        <Pad shape="rectangle" width="16.5354" height="31.496" /> 
      </Layer>
      <Layer name="SOLDERMASK_TOP" >
        <Pad shape="rectangle" width="16.5354" height="31.496" /> 
      </Layer>
    </Layers>
  </Padstack>
  <TextBlocks>
    <TextBlock name="17" width="6.25" height="25" lineSpacing="25" characterSpacing="6.25" /> 
  </TextBlocks>

  <Pins>
    <Pin number="1" padName="r42_80" originX="-27.5591" originY="-33.4646" rotation="0" isMechanical="no" textBlockName="17" />
    <Pin number="2" padName="r42_80" originX="27.5591" originY="-33.4646" rotation="0" isMechanical="no" textBlockName="17" />
    <Pin number="3" padName="r42_80" originX="0" originY="33.4646" rotation="0" isMechanical="no" textBlockName="17" />
  </Pins>
  <Vias>
  </Vias>
  <Layers>
    <Layer name="PACKAGE GEOMETRY/ASSEMBLY_TOP" packageHeight="39.3701" >
      <Path lineWidth="0" type="line" >
        <Point x="-19.685" y="-26.5748" />
        <Point x="-35.4331" y="-26.5748" />
      </Path>
    </Layer>
    <Layer name="PACKAGE GEOMETRY/ASSEMBLY_TOP" packageHeight="39.3701" >
      <Path lineWidth="0" type="line" >
        <Point x="-35.4331" y="-26.5748" />
        <Point x="-35.4331" y="-43.3071" />
      </Path>
    </Layer>
    <Layer name="PACKAGE GEOMETRY/ASSEMBLY_TOP" packageHeight="39.3701" >
      <Path lineWidth="0" type="line" >
        <Point x="-35.4331" y="-43.3071" />
        <Point x="-19.685" y="-43.3071" />
      </Path>
    </Layer>
    <Layer name="PACKAGE GEOMETRY/ASSEMBLY_TOP" packageHeight="39.3701" >
      <Path lineWidth="0" type="line" >
        <Point x="-19.685" y="-43.3071" />
        <Point x="-19.685" y="-26.5748" />
      </Path>
    </Layer>
    <Layer name="PACKAGE GEOMETRY/ASSEMBLY_TOP" packageHeight="39.3701" >
      <Path lineWidth="0" type="line" >
        <Point x="35.4331" y="-26.5748" />
        <Point x="19.685" y="-26.5748" />
      </Path>
    </Layer>
    <Layer name="PACKAGE GEOMETRY/ASSEMBLY_TOP" packageHeight="39.3701" >
      <Path lineWidth="0" type="line" >
        <Point x="19.685" y="-26.5748" />
        <Point x="19.685" y="-43.3071" />
      </Path>
    </Layer>
    <Layer name="PACKAGE GEOMETRY/ASSEMBLY_TOP" packageHeight="39.3701" >
      <Path lineWidth="0" type="line" >
        <Point x="19.685" y="-43.3071" />
        <Point x="35.4331" y="-43.3071" />
      </Path>
    </Layer>
    <Layer name="PACKAGE GEOMETRY/ASSEMBLY_TOP" packageHeight="39.3701" >
      <Path lineWidth="0" type="line" >
        <Point x="35.4331" y="-43.3071" />
        <Point x="35.4331" y="-26.5748" />
      </Path>
    </Layer>
    <Layer name="PACKAGE GEOMETRY/ASSEMBLY_TOP" packageHeight="39.3701" >
      <Path lineWidth="0" type="line" >
        <Point x="-7.874" y="26.5748" />
        <Point x="7.874" y="26.5748" />
      </Path>
    </Layer>
    <Layer name="PACKAGE GEOMETRY/ASSEMBLY_TOP" packageHeight="39.3701" >
      <Path lineWidth="0" type="line" >
        <Point x="7.874" y="26.5748" />
        <Point x="7.874" y="43.3071" />
      </Path>
    </Layer>
    <Layer name="PACKAGE GEOMETRY/ASSEMBLY_TOP" packageHeight="39.3701" >
      <Path lineWidth="0" type="line" >
        <Point x="7.874" y="43.3071" />
        <Point x="-7.874" y="43.3071" />
      </Path>
    </Layer>
    <Layer name="PACKAGE GEOMETRY/ASSEMBLY_TOP" packageHeight="39.3701" >
      <Path lineWidth="0" type="line" >
        <Point x="-7.874" y="43.3071" />
        <Point x="-7.874" y="26.5748" />
      </Path>
    </Layer>
    <Layer name="PACKAGE GEOMETRY/PLACE_BOUND_TOP" packageHeight="39.3701" packageHeightMin="4">
      <Path lineWidth="6" type="shape" >
        <Point x="-47.3071" y="30.5748" />
        <Point x="-12.2677" y="30.5748" />
        <Point x="-12.2677" y="53.2126" />
        <Point x="12.2677" y="53.2126" />
        <Point x="12.2677" y="30.5748" />
        <Point x="47.3071" y="30.5748" />
        <Point x="47.3071" y="-30.5748" />
        <Point x="39.8268" y="-30.5748" />
        <Point x="39.8268" y="-53.2126" />
        <Point x="-39.8268" y="-53.2126" />
        <Point x="-39.8268" y="-30.5748" />
        <Point x="-47.3071" y="-30.5748" />
        <Point x="-47.3071" y="30.5748" />
      </Path>
    </Layer>
    <Layer name="PACKAGE GEOMETRY/PLACE_BOUND_TOP" packageHeight="39.3701" packageHeightMin="4">
      <Path lineWidth="6" type="shape" >
        <Point x="-43.3071" y="-26.5748" />
        <Point x="-43.3071" y="26.5748" />
        <Point x="43.3071" y="26.5748" />
        <Point x="43.3071" y="-26.5748" />
        <Point x="-43.3071" y="-26.5748" />
      </Path>
    </Layer>
    <Layer name="MANUFACTURING/NO_PROBE_TOP" packageHeight="39.3701" >
      <Path lineWidth="6" type="shape" >
        <Point x="62.3071" y="68.2126" />
        <Point x="62.3071" y="-68.2126" />
        <Point x="-62.3071" y="-68.2126" />
        <Point x="-62.3071" y="68.2126" />
        <Point x="62.3071" y="68.2126" />
      </Path>
    </Layer>
    <Layer name="REF DES/SILKSCREEN_TOP" packageHeight="39.3701" >
      <Label layer="REF DES/SILKSCREEN_TOP" textBlock="3" angle="0" x="0" y="-25" text="Ref" justify="center" />
    </Layer>
    <Layer name="DEVICE TYPE/SILKSCREEN_TOP" packageHeight="39.3701" >
      <Label layer="DEVICE TYPE/SILKSCREEN_TOP" textBlock="3" angle="0" x="0" y="-25" text="Dev" justify="center" />
    </Layer>
    <Layer name="USER PART NUMBER/SILKSCREEN_TOP" packageHeight="39.3701" >
      <Label layer="USER PART NUMBER/SILKSCREEN_TOP" textBlock="3" angle="0" x="0" y="-25" text="PN" justify="center" />
    </Layer>
    <Layer name="DEVICE TYPE/ASSEMBLY_TOP" packageHeight="39.3701" >
      <Label layer="DEVICE TYPE/ASSEMBLY_TOP" textBlock="3" angle="0" x="0" y="-25" text="DEV" justify="center" />
    </Layer>
    <Layer name="COMPONENT VALUE/SILKSCREEN_TOP" packageHeight="39.3701" >
      <Label layer="COMPONENT VALUE/SILKSCREEN_TOP" textBlock="3" angle="0" x="0" y="-25" text="VAL" justify="center" />
    </Layer>
    <Layer name="TOLERANCE/SILKSCREEN_TOP" packageHeight="39.3701" >
      <Label layer="TOLERANCE/SILKSCREEN_TOP" textBlock="3" angle="0" x="0" y="-25" text="TOL" justify="center" />
    </Layer>
    <Layer name="REF DES/ASSEMBLY_TOP" packageHeight="39.3701" >
      <Label layer="REF DES/ASSEMBLY_TOP" textBlock="3" angle="0" x="0" y="-25" text="Ref" justify="center" />
    </Layer>
    <Layer name="PACKAGE GEOMETRY/ASSEMBLY_TOP" packageHeight="39.3701" >
      <Circle type="line"  lineWidth="0" originX="-33.3071" originY="-16.5748" radius="5" > 
    </Layer>
    <Layer name="PACKAGE GEOMETRY/SILKSCREEN_TOP" packageHeight="39.3701" >
      <Circle type="line"  lineWidth="6" originX="-93.3071" originY="-43.3071" radius="5" > 
    </Layer>
    <Layer name="PACKAGE GEOMETRY/SILKSCREEN_TOP" packageHeight="39.3701" >
      <Path lineWidth="6" type="line" >
        <Point x="-6.1914" y="-31.5748" />
        <Point x="6.1914" y="-31.5748" />
      </Path>
    </Layer>
    <Layer name="PACKAGE GEOMETRY/SILKSCREEN_TOP" packageHeight="39.3701" >
      <Path lineWidth="6" type="line" >
        <Point x="48.3071" y="-13.735" />
        <Point x="48.3071" y="31.5748" />
      </Path>
    </Layer>
    <Layer name="PACKAGE GEOMETRY/SILKSCREEN_TOP" packageHeight="39.3701" >
      <Path lineWidth="6" type="line" >
        <Point x="48.3071" y="31.5748" />
        <Point x="21.3677" y="31.5748" />
      </Path>
    </Layer>
    <Layer name="PACKAGE GEOMETRY/SILKSCREEN_TOP" packageHeight="39.3701" >
      <Path lineWidth="6" type="line" >
        <Point x="-48.3071" y="31.5748" />
        <Point x="-48.3071" y="-13.735" />
      </Path>
    </Layer>
    <Layer name="PACKAGE GEOMETRY/ASSEMBLY_TOP" packageHeight="39.3701" >
      <Path lineWidth="0" type="line" >
        <Point x="-43.3071" y="-26.5748" />
        <Point x="43.3071" y="-26.5748" />
      </Path>
    </Layer>
    <Layer name="PACKAGE GEOMETRY/ASSEMBLY_TOP" packageHeight="39.3701" >
      <Path lineWidth="0" type="line" >
        <Point x="43.3071" y="-26.5748" />
        <Point x="43.3071" y="26.5748" />
      </Path>
    </Layer>
    <Layer name="PACKAGE GEOMETRY/ASSEMBLY_TOP" packageHeight="39.3701" >
      <Path lineWidth="0" type="line" >
        <Point x="43.3071" y="26.5748" />
        <Point x="-43.3071" y="26.5748" />
      </Path>
    </Layer>
    <Layer name="PACKAGE GEOMETRY/ASSEMBLY_TOP" packageHeight="39.3701" >
      <Path lineWidth="0" type="line" >
        <Point x="-43.3071" y="26.5748" />
        <Point x="-43.3071" y="-26.5748" />
      </Path>
    </Layer>
    <Layer name="PACKAGE GEOMETRY/SILKSCREEN_TOP" packageHeight="39.3701" >
      <Path lineWidth="6" type="line" >
        <Point x="-21.3677" y="31.5748" />
        <Point x="-48.3071" y="31.5748" />
      </Path>
    </Layer>
  </Layers>
</Footprint>
