{
	"Gate Swap" : [],
	"Ref Des" : [],
	"Pin Swap" : [],
	"Component Property" : [],
	"Net Property" : [],
	"Pin Property" : [],
	"Component" : [
		{
			"Name" : "D10",
			"C_PATH" : "@sensor_board.schematic1(sch_1):m@sensor_board.matrix(sch_1):col18@sensor_board.\\column of ldr sensor matrix\\(sch_1):\\r-d\\@sensor_board.\\ldr-d-unit\\(sch_1):ins89@ediode.\\1n4148.normal\\(chips)",
			"Logical" : "1N4148_SOD80_D1N4148",
			"Physical" : "1N4148_DAX2DO35_D1N4148"
		},
		{
			"Name" : "D20",
			"C_PATH" : "@sensor_board.schematic1(sch_1):m@sensor_board.matrix(sch_1):col18@sensor_board.\\column of ldr sensor matrix\\(sch_1):\\r-d1\\@sensor_board.\\ldr-d-unit\\(sch_1):ins89@ediode.\\1n4148.normal\\(chips)",
			"Logical" : "1N4148_SOD80_D1N4148",
			"Physical" : "1N4148_DAX2DO35_D1N4148"
		},
		{
			"Name" : "D30",
			"C_PATH" : "@sensor_board.schematic1(sch_1):m@sensor_board.matrix(sch_1):col18@sensor_board.\\column of ldr sensor matrix\\(sch_1):\\r-d2\\@sensor_board.\\ldr-d-unit\\(sch_1):ins89@ediode.\\1n4148.normal\\(chips)",
			"Logical" : "1N4148_SOD80_D1N4148",
			"Physical" : "1N4148_DAX2DO35_D1N4148"
		},
		{
			"Name" : "D40",
			"C_PATH" : "@sensor_board.schematic1(sch_1):m@sensor_board.matrix(sch_1):col18@sensor_board.\\column of ldr sensor matrix\\(sch_1):\\r-d3\\@sensor_board.\\ldr-d-unit\\(sch_1):ins89@ediode.\\1n4148.normal\\(chips)",
			"Logical" : "1N4148_SOD80_D1N4148",
			"Physical" : "1N4148_DAX2DO35_D1N4148"
		},
		{
			"Name" : "D50",
			"C_PATH" : "@sensor_board.schematic1(sch_1):m@sensor_board.matrix(sch_1):col18@sensor_board.\\column of ldr sensor matrix\\(sch_1):\\r-d4\\@sensor_board.\\ldr-d-unit\\(sch_1):ins89@ediode.\\1n4148.normal\\(chips)",
			"Logical" : "1N4148_SOD80_D1N4148",
			"Physical" : "1N4148_DAX2DO35_D1N4148"
		},
		{
			"Name" : "D60",
			"C_PATH" : "@sensor_board.schematic1(sch_1):m@sensor_board.matrix(sch_1):col18@sensor_board.\\column of ldr sensor matrix\\(sch_1):\\r-d5\\@sensor_board.\\ldr-d-unit\\(sch_1):ins89@ediode.\\1n4148.normal\\(chips)",
			"Logical" : "1N4148_SOD80_D1N4148",
			"Physical" : "1N4148_DAX2DO35_D1N4148"
		},
		{
			"Name" : "D70",
			"C_PATH" : "@sensor_board.schematic1(sch_1):m@sensor_board.matrix(sch_1):col18@sensor_board.\\column of ldr sensor matrix\\(sch_1):\\r-d6\\@sensor_board.\\ldr-d-unit\\(sch_1):ins89@ediode.\\1n4148.normal\\(chips)",
			"Logical" : "1N4148_SOD80_D1N4148",
			"Physical" : "1N4148_DAX2DO35_D1N4148"
		},
		{
			"Name" : "D80",
			"C_PATH" : "@sensor_board.schematic1(sch_1):m@sensor_board.matrix(sch_1):col18@sensor_board.\\column of ldr sensor matrix\\(sch_1):\\r-d7\\@sensor_board.\\ldr-d-unit\\(sch_1):ins89@ediode.\\1n4148.normal\\(chips)",
			"Logical" : "1N4148_SOD80_D1N4148",
			"Physical" : "1N4148_DAX2DO35_D1N4148"
		},
		{
			"Name" : "D11",
			"C_PATH" : "@sensor_board.schematic1(sch_1):m@sensor_board.matrix(sch_1):col19@sensor_board.\\column of ldr sensor matrix\\(sch_1):\\r-d\\@sensor_board.\\ldr-d-unit\\(sch_1):ins89@ediode.\\1n4148.normal\\(chips)",
			"Logical" : "1N4148_SOD80_D1N4148",
			"Physical" : "1N4148_DAX2DO35_D1N4148"
		},
		{
			"Name" : "D21",
			"C_PATH" : "@sensor_board.schematic1(sch_1):m@sensor_board.matrix(sch_1):col19@sensor_board.\\column of ldr sensor matrix\\(sch_1):\\r-d1\\@sensor_board.\\ldr-d-unit\\(sch_1):ins89@ediode.\\1n4148.normal\\(chips)",
			"Logical" : "1N4148_SOD80_D1N4148",
			"Physical" : "1N4148_DAX2DO35_D1N4148"
		},
		{
			"Name" : "D31",
			"C_PATH" : "@sensor_board.schematic1(sch_1):m@sensor_board.matrix(sch_1):col19@sensor_board.\\column of ldr sensor matrix\\(sch_1):\\r-d2\\@sensor_board.\\ldr-d-unit\\(sch_1):ins89@ediode.\\1n4148.normal\\(chips)",
			"Logical" : "1N4148_SOD80_D1N4148",
			"Physical" : "1N4148_DAX2DO35_D1N4148"
		},
		{
			"Name" : "D41",
			"C_PATH" : "@sensor_board.schematic1(sch_1):m@sensor_board.matrix(sch_1):col19@sensor_board.\\column of ldr sensor matrix\\(sch_1):\\r-d3\\@sensor_board.\\ldr-d-unit\\(sch_1):ins89@ediode.\\1n4148.normal\\(chips)",
			"Logical" : "1N4148_SOD80_D1N4148",
			"Physical" : "1N4148_DAX2DO35_D1N4148"
		},
		{
			"Name" : "D51",
			"C_PATH" : "@sensor_board.schematic1(sch_1):m@sensor_board.matrix(sch_1):col19@sensor_board.\\column of ldr sensor matrix\\(sch_1):\\r-d4\\@sensor_board.\\ldr-d-unit\\(sch_1):ins89@ediode.\\1n4148.normal\\(chips)",
			"Logical" : "1N4148_SOD80_D1N4148",
			"Physical" : "1N4148_DAX2DO35_D1N4148"
		},
		{
			"Name" : "D61",
			"C_PATH" : "@sensor_board.schematic1(sch_1):m@sensor_board.matrix(sch_1):col19@sensor_board.\\column of ldr sensor matrix\\(sch_1):\\r-d5\\@sensor_board.\\ldr-d-unit\\(sch_1):ins89@ediode.\\1n4148.normal\\(chips)",
			"Logical" : "1N4148_SOD80_D1N4148",
			"Physical" : "1N4148_DAX2DO35_D1N4148"
		},
		{
			"Name" : "D71",
			"C_PATH" : "@sensor_board.schematic1(sch_1):m@sensor_board.matrix(sch_1):col19@sensor_board.\\column of ldr sensor matrix\\(sch_1):\\r-d6\\@sensor_board.\\ldr-d-unit\\(sch_1):ins89@ediode.\\1n4148.normal\\(chips)",
			"Logical" : "1N4148_SOD80_D1N4148",
			"Physical" : "1N4148_DAX2DO35_D1N4148"
		},
		{
			"Name" : "D81",
			"C_PATH" : "@sensor_board.schematic1(sch_1):m@sensor_board.matrix(sch_1):col19@sensor_board.\\column of ldr sensor matrix\\(sch_1):\\r-d7\\@sensor_board.\\ldr-d-unit\\(sch_1):ins89@ediode.\\1n4148.normal\\(chips)",
			"Logical" : "1N4148_SOD80_D1N4148",
			"Physical" : "1N4148_DAX2DO35_D1N4148"
		},
		{
			"Name" : "D12",
			"C_PATH" : "@sensor_board.schematic1(sch_1):m@sensor_board.matrix(sch_1):col20@sensor_board.\\column of ldr sensor matrix\\(sch_1):\\r-d\\@sensor_board.\\ldr-d-unit\\(sch_1):ins89@ediode.\\1n4148.normal\\(chips)",
			"Logical" : "1N4148_SOD80_D1N4148",
			"Physical" : "1N4148_DAX2DO35_D1N4148"
		},
		{
			"Name" : "D22",
			"C_PATH" : "@sensor_board.schematic1(sch_1):m@sensor_board.matrix(sch_1):col20@sensor_board.\\column of ldr sensor matrix\\(sch_1):\\r-d1\\@sensor_board.\\ldr-d-unit\\(sch_1):ins89@ediode.\\1n4148.normal\\(chips)",
			"Logical" : "1N4148_SOD80_D1N4148",
			"Physical" : "1N4148_DAX2DO35_D1N4148"
		},
		{
			"Name" : "D32",
			"C_PATH" : "@sensor_board.schematic1(sch_1):m@sensor_board.matrix(sch_1):col20@sensor_board.\\column of ldr sensor matrix\\(sch_1):\\r-d2\\@sensor_board.\\ldr-d-unit\\(sch_1):ins89@ediode.\\1n4148.normal\\(chips)",
			"Logical" : "1N4148_SOD80_D1N4148",
			"Physical" : "1N4148_DAX2DO35_D1N4148"
		},
		{
			"Name" : "D42",
			"C_PATH" : "@sensor_board.schematic1(sch_1):m@sensor_board.matrix(sch_1):col20@sensor_board.\\column of ldr sensor matrix\\(sch_1):\\r-d3\\@sensor_board.\\ldr-d-unit\\(sch_1):ins89@ediode.\\1n4148.normal\\(chips)",
			"Logical" : "1N4148_SOD80_D1N4148",
			"Physical" : "1N4148_DAX2DO35_D1N4148"
		},
		{
			"Name" : "D52",
			"C_PATH" : "@sensor_board.schematic1(sch_1):m@sensor_board.matrix(sch_1):col20@sensor_board.\\column of ldr sensor matrix\\(sch_1):\\r-d4\\@sensor_board.\\ldr-d-unit\\(sch_1):ins89@ediode.\\1n4148.normal\\(chips)",
			"Logical" : "1N4148_SOD80_D1N4148",
			"Physical" : "1N4148_DAX2DO35_D1N4148"
		},
		{
			"Name" : "D62",
			"C_PATH" : "@sensor_board.schematic1(sch_1):m@sensor_board.matrix(sch_1):col20@sensor_board.\\column of ldr sensor matrix\\(sch_1):\\r-d5\\@sensor_board.\\ldr-d-unit\\(sch_1):ins89@ediode.\\1n4148.normal\\(chips)",
			"Logical" : "1N4148_SOD80_D1N4148",
			"Physical" : "1N4148_DAX2DO35_D1N4148"
		},
		{
			"Name" : "D72",
			"C_PATH" : "@sensor_board.schematic1(sch_1):m@sensor_board.matrix(sch_1):col20@sensor_board.\\column of ldr sensor matrix\\(sch_1):\\r-d6\\@sensor_board.\\ldr-d-unit\\(sch_1):ins89@ediode.\\1n4148.normal\\(chips)",
			"Logical" : "1N4148_SOD80_D1N4148",
			"Physical" : "1N4148_DAX2DO35_D1N4148"
		},
		{
			"Name" : "D82",
			"C_PATH" : "@sensor_board.schematic1(sch_1):m@sensor_board.matrix(sch_1):col20@sensor_board.\\column of ldr sensor matrix\\(sch_1):\\r-d7\\@sensor_board.\\ldr-d-unit\\(sch_1):ins89@ediode.\\1n4148.normal\\(chips)",
			"Logical" : "1N4148_SOD80_D1N4148",
			"Physical" : "1N4148_DAX2DO35_D1N4148"
		},
		{
			"Name" : "D13",
			"C_PATH" : "@sensor_board.schematic1(sch_1):m@sensor_board.matrix(sch_1):col@sensor_board.\\column of ldr sensor matrix\\(sch_1):\\r-d1\\@sensor_board.\\ldr-d-unit\\(sch_1):ins89@ediode.\\1n4148.normal\\(chips)",
			"Logical" : "1N4148_SOD80_D1N4148",
			"Physical" : "1N4148_DAX2DO35_D1N4148"
		},
		{
			"Name" : "D23",
			"C_PATH" : "@sensor_board.schematic1(sch_1):m@sensor_board.matrix(sch_1):col@sensor_board.\\column of ldr sensor matrix\\(sch_1):\\r-d2\\@sensor_board.\\ldr-d-unit\\(sch_1):ins89@ediode.\\1n4148.normal\\(chips)",
			"Logical" : "1N4148_SOD80_D1N4148",
			"Physical" : "1N4148_DAX2DO35_D1N4148"
		},
		{
			"Name" : "D3",
			"C_PATH" : "@sensor_board.schematic1(sch_1):m@sensor_board.matrix(sch_1):col@sensor_board.\\column of ldr sensor matrix\\(sch_1):\\r-d\\@sensor_board.\\ldr-d-unit\\(sch_1):ins89@ediode.\\1n4148.normal\\(chips)",
			"Logical" : "1N4148_SOD80_D1N4148",
			"Physical" : "1N4148_DAX2DO35_D1N4148"
		},
		{
			"Name" : "D33",
			"C_PATH" : "@sensor_board.schematic1(sch_1):m@sensor_board.matrix(sch_1):col@sensor_board.\\column of ldr sensor matrix\\(sch_1):\\r-d3\\@sensor_board.\\ldr-d-unit\\(sch_1):ins89@ediode.\\1n4148.normal\\(chips)",
			"Logical" : "1N4148_SOD80_D1N4148",
			"Physical" : "1N4148_DAX2DO35_D1N4148"
		},
		{
			"Name" : "D43",
			"C_PATH" : "@sensor_board.schematic1(sch_1):m@sensor_board.matrix(sch_1):col@sensor_board.\\column of ldr sensor matrix\\(sch_1):\\r-d4\\@sensor_board.\\ldr-d-unit\\(sch_1):ins89@ediode.\\1n4148.normal\\(chips)",
			"Logical" : "1N4148_SOD80_D1N4148",
			"Physical" : "1N4148_DAX2DO35_D1N4148"
		},
		{
			"Name" : "D53",
			"C_PATH" : "@sensor_board.schematic1(sch_1):m@sensor_board.matrix(sch_1):col@sensor_board.\\column of ldr sensor matrix\\(sch_1):\\r-d5\\@sensor_board.\\ldr-d-unit\\(sch_1):ins89@ediode.\\1n4148.normal\\(chips)",
			"Logical" : "1N4148_SOD80_D1N4148",
			"Physical" : "1N4148_DAX2DO35_D1N4148"
		},
		{
			"Name" : "D63",
			"C_PATH" : "@sensor_board.schematic1(sch_1):m@sensor_board.matrix(sch_1):col@sensor_board.\\column of ldr sensor matrix\\(sch_1):\\r-d6\\@sensor_board.\\ldr-d-unit\\(sch_1):ins89@ediode.\\1n4148.normal\\(chips)",
			"Logical" : "1N4148_SOD80_D1N4148",
			"Physical" : "1N4148_DAX2DO35_D1N4148"
		},
		{
			"Name" : "D73",
			"C_PATH" : "@sensor_board.schematic1(sch_1):m@sensor_board.matrix(sch_1):col@sensor_board.\\column of ldr sensor matrix\\(sch_1):\\r-d7\\@sensor_board.\\ldr-d-unit\\(sch_1):ins89@ediode.\\1n4148.normal\\(chips)",
			"Logical" : "1N4148_SOD80_D1N4148",
			"Physical" : "1N4148_DAX2DO35_D1N4148"
		},
		{
			"Name" : "D14",
			"C_PATH" : "@sensor_board.schematic1(sch_1):m@sensor_board.matrix(sch_1):col12@sensor_board.\\column of ldr sensor matrix\\(sch_1):\\r-d1\\@sensor_board.\\ldr-d-unit\\(sch_1):ins89@ediode.\\1n4148.normal\\(chips)",
			"Logical" : "1N4148_SOD80_D1N4148",
			"Physical" : "1N4148_DAX2DO35_D1N4148"
		},
		{
			"Name" : "D24",
			"C_PATH" : "@sensor_board.schematic1(sch_1):m@sensor_board.matrix(sch_1):col12@sensor_board.\\column of ldr sensor matrix\\(sch_1):\\r-d2\\@sensor_board.\\ldr-d-unit\\(sch_1):ins89@ediode.\\1n4148.normal\\(chips)",
			"Logical" : "1N4148_SOD80_D1N4148",
			"Physical" : "1N4148_DAX2DO35_D1N4148"
		},
		{
			"Name" : "D34",
			"C_PATH" : "@sensor_board.schematic1(sch_1):m@sensor_board.matrix(sch_1):col12@sensor_board.\\column of ldr sensor matrix\\(sch_1):\\r-d3\\@sensor_board.\\ldr-d-unit\\(sch_1):ins89@ediode.\\1n4148.normal\\(chips)",
			"Logical" : "1N4148_SOD80_D1N4148",
			"Physical" : "1N4148_DAX2DO35_D1N4148"
		},
		{
			"Name" : "D4",
			"C_PATH" : "@sensor_board.schematic1(sch_1):m@sensor_board.matrix(sch_1):col12@sensor_board.\\column of ldr sensor matrix\\(sch_1):\\r-d\\@sensor_board.\\ldr-d-unit\\(sch_1):ins89@ediode.\\1n4148.normal\\(chips)",
			"Logical" : "1N4148_SOD80_D1N4148",
			"Physical" : "1N4148_DAX2DO35_D1N4148"
		},
		{
			"Name" : "D44",
			"C_PATH" : "@sensor_board.schematic1(sch_1):m@sensor_board.matrix(sch_1):col12@sensor_board.\\column of ldr sensor matrix\\(sch_1):\\r-d4\\@sensor_board.\\ldr-d-unit\\(sch_1):ins89@ediode.\\1n4148.normal\\(chips)",
			"Logical" : "1N4148_SOD80_D1N4148",
			"Physical" : "1N4148_DAX2DO35_D1N4148"
		},
		{
			"Name" : "D54",
			"C_PATH" : "@sensor_board.schematic1(sch_1):m@sensor_board.matrix(sch_1):col12@sensor_board.\\column of ldr sensor matrix\\(sch_1):\\r-d5\\@sensor_board.\\ldr-d-unit\\(sch_1):ins89@ediode.\\1n4148.normal\\(chips)",
			"Logical" : "1N4148_SOD80_D1N4148",
			"Physical" : "1N4148_DAX2DO35_D1N4148"
		},
		{
			"Name" : "D64",
			"C_PATH" : "@sensor_board.schematic1(sch_1):m@sensor_board.matrix(sch_1):col12@sensor_board.\\column of ldr sensor matrix\\(sch_1):\\r-d6\\@sensor_board.\\ldr-d-unit\\(sch_1):ins89@ediode.\\1n4148.normal\\(chips)",
			"Logical" : "1N4148_SOD80_D1N4148",
			"Physical" : "1N4148_DAX2DO35_D1N4148"
		},
		{
			"Name" : "D74",
			"C_PATH" : "@sensor_board.schematic1(sch_1):m@sensor_board.matrix(sch_1):col12@sensor_board.\\column of ldr sensor matrix\\(sch_1):\\r-d7\\@sensor_board.\\ldr-d-unit\\(sch_1):ins89@ediode.\\1n4148.normal\\(chips)",
			"Logical" : "1N4148_SOD80_D1N4148",
			"Physical" : "1N4148_DAX2DO35_D1N4148"
		},
		{
			"Name" : "D15",
			"C_PATH" : "@sensor_board.schematic1(sch_1):m@sensor_board.matrix(sch_1):col13@sensor_board.\\column of ldr sensor matrix\\(sch_1):\\r-d1\\@sensor_board.\\ldr-d-unit\\(sch_1):ins89@ediode.\\1n4148.normal\\(chips)",
			"Logical" : "1N4148_SOD80_D1N4148",
			"Physical" : "1N4148_DAX2DO35_D1N4148"
		},
		{
			"Name" : "D25",
			"C_PATH" : "@sensor_board.schematic1(sch_1):m@sensor_board.matrix(sch_1):col13@sensor_board.\\column of ldr sensor matrix\\(sch_1):\\r-d2\\@sensor_board.\\ldr-d-unit\\(sch_1):ins89@ediode.\\1n4148.normal\\(chips)",
			"Logical" : "1N4148_SOD80_D1N4148",
			"Physical" : "1N4148_DAX2DO35_D1N4148"
		},
		{
			"Name" : "D35",
			"C_PATH" : "@sensor_board.schematic1(sch_1):m@sensor_board.matrix(sch_1):col13@sensor_board.\\column of ldr sensor matrix\\(sch_1):\\r-d3\\@sensor_board.\\ldr-d-unit\\(sch_1):ins89@ediode.\\1n4148.normal\\(chips)",
			"Logical" : "1N4148_SOD80_D1N4148",
			"Physical" : "1N4148_DAX2DO35_D1N4148"
		},
		{
			"Name" : "D45",
			"C_PATH" : "@sensor_board.schematic1(sch_1):m@sensor_board.matrix(sch_1):col13@sensor_board.\\column of ldr sensor matrix\\(sch_1):\\r-d4\\@sensor_board.\\ldr-d-unit\\(sch_1):ins89@ediode.\\1n4148.normal\\(chips)",
			"Logical" : "1N4148_SOD80_D1N4148",
			"Physical" : "1N4148_DAX2DO35_D1N4148"
		},
		{
			"Name" : "D5",
			"C_PATH" : "@sensor_board.schematic1(sch_1):m@sensor_board.matrix(sch_1):col13@sensor_board.\\column of ldr sensor matrix\\(sch_1):\\r-d\\@sensor_board.\\ldr-d-unit\\(sch_1):ins89@ediode.\\1n4148.normal\\(chips)",
			"Logical" : "1N4148_SOD80_D1N4148",
			"Physical" : "1N4148_DAX2DO35_D1N4148"
		},
		{
			"Name" : "D55",
			"C_PATH" : "@sensor_board.schematic1(sch_1):m@sensor_board.matrix(sch_1):col13@sensor_board.\\column of ldr sensor matrix\\(sch_1):\\r-d5\\@sensor_board.\\ldr-d-unit\\(sch_1):ins89@ediode.\\1n4148.normal\\(chips)",
			"Logical" : "1N4148_SOD80_D1N4148",
			"Physical" : "1N4148_DAX2DO35_D1N4148"
		},
		{
			"Name" : "D65",
			"C_PATH" : "@sensor_board.schematic1(sch_1):m@sensor_board.matrix(sch_1):col13@sensor_board.\\column of ldr sensor matrix\\(sch_1):\\r-d6\\@sensor_board.\\ldr-d-unit\\(sch_1):ins89@ediode.\\1n4148.normal\\(chips)",
			"Logical" : "1N4148_SOD80_D1N4148",
			"Physical" : "1N4148_DAX2DO35_D1N4148"
		},
		{
			"Name" : "D75",
			"C_PATH" : "@sensor_board.schematic1(sch_1):m@sensor_board.matrix(sch_1):col13@sensor_board.\\column of ldr sensor matrix\\(sch_1):\\r-d7\\@sensor_board.\\ldr-d-unit\\(sch_1):ins89@ediode.\\1n4148.normal\\(chips)",
			"Logical" : "1N4148_SOD80_D1N4148",
			"Physical" : "1N4148_DAX2DO35_D1N4148"
		},
		{
			"Name" : "D16",
			"C_PATH" : "@sensor_board.schematic1(sch_1):m@sensor_board.matrix(sch_1):col14@sensor_board.\\column of ldr sensor matrix\\(sch_1):\\r-d1\\@sensor_board.\\ldr-d-unit\\(sch_1):ins89@ediode.\\1n4148.normal\\(chips)",
			"Logical" : "1N4148_SOD80_D1N4148",
			"Physical" : "1N4148_DAX2DO35_D1N4148"
		},
		{
			"Name" : "D26",
			"C_PATH" : "@sensor_board.schematic1(sch_1):m@sensor_board.matrix(sch_1):col14@sensor_board.\\column of ldr sensor matrix\\(sch_1):\\r-d2\\@sensor_board.\\ldr-d-unit\\(sch_1):ins89@ediode.\\1n4148.normal\\(chips)",
			"Logical" : "1N4148_SOD80_D1N4148",
			"Physical" : "1N4148_DAX2DO35_D1N4148"
		},
		{
			"Name" : "D36",
			"C_PATH" : "@sensor_board.schematic1(sch_1):m@sensor_board.matrix(sch_1):col14@sensor_board.\\column of ldr sensor matrix\\(sch_1):\\r-d3\\@sensor_board.\\ldr-d-unit\\(sch_1):ins89@ediode.\\1n4148.normal\\(chips)",
			"Logical" : "1N4148_SOD80_D1N4148",
			"Physical" : "1N4148_DAX2DO35_D1N4148"
		},
		{
			"Name" : "D46",
			"C_PATH" : "@sensor_board.schematic1(sch_1):m@sensor_board.matrix(sch_1):col14@sensor_board.\\column of ldr sensor matrix\\(sch_1):\\r-d4\\@sensor_board.\\ldr-d-unit\\(sch_1):ins89@ediode.\\1n4148.normal\\(chips)",
			"Logical" : "1N4148_SOD80_D1N4148",
			"Physical" : "1N4148_DAX2DO35_D1N4148"
		},
		{
			"Name" : "D56",
			"C_PATH" : "@sensor_board.schematic1(sch_1):m@sensor_board.matrix(sch_1):col14@sensor_board.\\column of ldr sensor matrix\\(sch_1):\\r-d5\\@sensor_board.\\ldr-d-unit\\(sch_1):ins89@ediode.\\1n4148.normal\\(chips)",
			"Logical" : "1N4148_SOD80_D1N4148",
			"Physical" : "1N4148_DAX2DO35_D1N4148"
		},
		{
			"Name" : "D6",
			"C_PATH" : "@sensor_board.schematic1(sch_1):m@sensor_board.matrix(sch_1):col14@sensor_board.\\column of ldr sensor matrix\\(sch_1):\\r-d\\@sensor_board.\\ldr-d-unit\\(sch_1):ins89@ediode.\\1n4148.normal\\(chips)",
			"Logical" : "1N4148_SOD80_D1N4148",
			"Physical" : "1N4148_DAX2DO35_D1N4148"
		},
		{
			"Name" : "D66",
			"C_PATH" : "@sensor_board.schematic1(sch_1):m@sensor_board.matrix(sch_1):col14@sensor_board.\\column of ldr sensor matrix\\(sch_1):\\r-d6\\@sensor_board.\\ldr-d-unit\\(sch_1):ins89@ediode.\\1n4148.normal\\(chips)",
			"Logical" : "1N4148_SOD80_D1N4148",
			"Physical" : "1N4148_DAX2DO35_D1N4148"
		},
		{
			"Name" : "D76",
			"C_PATH" : "@sensor_board.schematic1(sch_1):m@sensor_board.matrix(sch_1):col14@sensor_board.\\column of ldr sensor matrix\\(sch_1):\\r-d7\\@sensor_board.\\ldr-d-unit\\(sch_1):ins89@ediode.\\1n4148.normal\\(chips)",
			"Logical" : "1N4148_SOD80_D1N4148",
			"Physical" : "1N4148_DAX2DO35_D1N4148"
		},
		{
			"Name" : "D17",
			"C_PATH" : "@sensor_board.schematic1(sch_1):m@sensor_board.matrix(sch_1):col15@sensor_board.\\column of ldr sensor matrix\\(sch_1):\\r-d1\\@sensor_board.\\ldr-d-unit\\(sch_1):ins89@ediode.\\1n4148.normal\\(chips)",
			"Logical" : "1N4148_SOD80_D1N4148",
			"Physical" : "1N4148_DAX2DO35_D1N4148"
		},
		{
			"Name" : "D27",
			"C_PATH" : "@sensor_board.schematic1(sch_1):m@sensor_board.matrix(sch_1):col15@sensor_board.\\column of ldr sensor matrix\\(sch_1):\\r-d2\\@sensor_board.\\ldr-d-unit\\(sch_1):ins89@ediode.\\1n4148.normal\\(chips)",
			"Logical" : "1N4148_SOD80_D1N4148",
			"Physical" : "1N4148_DAX2DO35_D1N4148"
		},
		{
			"Name" : "D37",
			"C_PATH" : "@sensor_board.schematic1(sch_1):m@sensor_board.matrix(sch_1):col15@sensor_board.\\column of ldr sensor matrix\\(sch_1):\\r-d3\\@sensor_board.\\ldr-d-unit\\(sch_1):ins89@ediode.\\1n4148.normal\\(chips)",
			"Logical" : "1N4148_SOD80_D1N4148",
			"Physical" : "1N4148_DAX2DO35_D1N4148"
		},
		{
			"Name" : "D47",
			"C_PATH" : "@sensor_board.schematic1(sch_1):m@sensor_board.matrix(sch_1):col15@sensor_board.\\column of ldr sensor matrix\\(sch_1):\\r-d4\\@sensor_board.\\ldr-d-unit\\(sch_1):ins89@ediode.\\1n4148.normal\\(chips)",
			"Logical" : "1N4148_SOD80_D1N4148",
			"Physical" : "1N4148_DAX2DO35_D1N4148"
		},
		{
			"Name" : "D57",
			"C_PATH" : "@sensor_board.schematic1(sch_1):m@sensor_board.matrix(sch_1):col15@sensor_board.\\column of ldr sensor matrix\\(sch_1):\\r-d5\\@sensor_board.\\ldr-d-unit\\(sch_1):ins89@ediode.\\1n4148.normal\\(chips)",
			"Logical" : "1N4148_SOD80_D1N4148",
			"Physical" : "1N4148_DAX2DO35_D1N4148"
		},
		{
			"Name" : "D67",
			"C_PATH" : "@sensor_board.schematic1(sch_1):m@sensor_board.matrix(sch_1):col15@sensor_board.\\column of ldr sensor matrix\\(sch_1):\\r-d6\\@sensor_board.\\ldr-d-unit\\(sch_1):ins89@ediode.\\1n4148.normal\\(chips)",
			"Logical" : "1N4148_SOD80_D1N4148",
			"Physical" : "1N4148_DAX2DO35_D1N4148"
		},
		{
			"Name" : "D7",
			"C_PATH" : "@sensor_board.schematic1(sch_1):m@sensor_board.matrix(sch_1):col15@sensor_board.\\column of ldr sensor matrix\\(sch_1):\\r-d\\@sensor_board.\\ldr-d-unit\\(sch_1):ins89@ediode.\\1n4148.normal\\(chips)",
			"Logical" : "1N4148_SOD80_D1N4148",
			"Physical" : "1N4148_DAX2DO35_D1N4148"
		},
		{
			"Name" : "D77",
			"C_PATH" : "@sensor_board.schematic1(sch_1):m@sensor_board.matrix(sch_1):col15@sensor_board.\\column of ldr sensor matrix\\(sch_1):\\r-d7\\@sensor_board.\\ldr-d-unit\\(sch_1):ins89@ediode.\\1n4148.normal\\(chips)",
			"Logical" : "1N4148_SOD80_D1N4148",
			"Physical" : "1N4148_DAX2DO35_D1N4148"
		},
		{
			"Name" : "D18",
			"C_PATH" : "@sensor_board.schematic1(sch_1):m@sensor_board.matrix(sch_1):col16@sensor_board.\\column of ldr sensor matrix\\(sch_1):\\r-d1\\@sensor_board.\\ldr-d-unit\\(sch_1):ins89@ediode.\\1n4148.normal\\(chips)",
			"Logical" : "1N4148_SOD80_D1N4148",
			"Physical" : "1N4148_DAX2DO35_D1N4148"
		},
		{
			"Name" : "D28",
			"C_PATH" : "@sensor_board.schematic1(sch_1):m@sensor_board.matrix(sch_1):col16@sensor_board.\\column of ldr sensor matrix\\(sch_1):\\r-d2\\@sensor_board.\\ldr-d-unit\\(sch_1):ins89@ediode.\\1n4148.normal\\(chips)",
			"Logical" : "1N4148_SOD80_D1N4148",
			"Physical" : "1N4148_DAX2DO35_D1N4148"
		},
		{
			"Name" : "D38",
			"C_PATH" : "@sensor_board.schematic1(sch_1):m@sensor_board.matrix(sch_1):col16@sensor_board.\\column of ldr sensor matrix\\(sch_1):\\r-d3\\@sensor_board.\\ldr-d-unit\\(sch_1):ins89@ediode.\\1n4148.normal\\(chips)",
			"Logical" : "1N4148_SOD80_D1N4148",
			"Physical" : "1N4148_DAX2DO35_D1N4148"
		},
		{
			"Name" : "D48",
			"C_PATH" : "@sensor_board.schematic1(sch_1):m@sensor_board.matrix(sch_1):col16@sensor_board.\\column of ldr sensor matrix\\(sch_1):\\r-d4\\@sensor_board.\\ldr-d-unit\\(sch_1):ins89@ediode.\\1n4148.normal\\(chips)",
			"Logical" : "1N4148_SOD80_D1N4148",
			"Physical" : "1N4148_DAX2DO35_D1N4148"
		},
		{
			"Name" : "D58",
			"C_PATH" : "@sensor_board.schematic1(sch_1):m@sensor_board.matrix(sch_1):col16@sensor_board.\\column of ldr sensor matrix\\(sch_1):\\r-d5\\@sensor_board.\\ldr-d-unit\\(sch_1):ins89@ediode.\\1n4148.normal\\(chips)",
			"Logical" : "1N4148_SOD80_D1N4148",
			"Physical" : "1N4148_DAX2DO35_D1N4148"
		},
		{
			"Name" : "D68",
			"C_PATH" : "@sensor_board.schematic1(sch_1):m@sensor_board.matrix(sch_1):col16@sensor_board.\\column of ldr sensor matrix\\(sch_1):\\r-d6\\@sensor_board.\\ldr-d-unit\\(sch_1):ins89@ediode.\\1n4148.normal\\(chips)",
			"Logical" : "1N4148_SOD80_D1N4148",
			"Physical" : "1N4148_DAX2DO35_D1N4148"
		},
		{
			"Name" : "D78",
			"C_PATH" : "@sensor_board.schematic1(sch_1):m@sensor_board.matrix(sch_1):col16@sensor_board.\\column of ldr sensor matrix\\(sch_1):\\r-d7\\@sensor_board.\\ldr-d-unit\\(sch_1):ins89@ediode.\\1n4148.normal\\(chips)",
			"Logical" : "1N4148_SOD80_D1N4148",
			"Physical" : "1N4148_DAX2DO35_D1N4148"
		},
		{
			"Name" : "D8",
			"C_PATH" : "@sensor_board.schematic1(sch_1):m@sensor_board.matrix(sch_1):col16@sensor_board.\\column of ldr sensor matrix\\(sch_1):\\r-d\\@sensor_board.\\ldr-d-unit\\(sch_1):ins89@ediode.\\1n4148.normal\\(chips)",
			"Logical" : "1N4148_SOD80_D1N4148",
			"Physical" : "1N4148_DAX2DO35_D1N4148"
		},
		{
			"Name" : "D19",
			"C_PATH" : "@sensor_board.schematic1(sch_1):m@sensor_board.matrix(sch_1):col17@sensor_board.\\column of ldr sensor matrix\\(sch_1):\\r-d1\\@sensor_board.\\ldr-d-unit\\(sch_1):ins89@ediode.\\1n4148.normal\\(chips)",
			"Logical" : "1N4148_SOD80_D1N4148",
			"Physical" : "1N4148_DAX2DO35_D1N4148"
		},
		{
			"Name" : "D29",
			"C_PATH" : "@sensor_board.schematic1(sch_1):m@sensor_board.matrix(sch_1):col17@sensor_board.\\column of ldr sensor matrix\\(sch_1):\\r-d2\\@sensor_board.\\ldr-d-unit\\(sch_1):ins89@ediode.\\1n4148.normal\\(chips)",
			"Logical" : "1N4148_SOD80_D1N4148",
			"Physical" : "1N4148_DAX2DO35_D1N4148"
		},
		{
			"Name" : "D39",
			"C_PATH" : "@sensor_board.schematic1(sch_1):m@sensor_board.matrix(sch_1):col17@sensor_board.\\column of ldr sensor matrix\\(sch_1):\\r-d3\\@sensor_board.\\ldr-d-unit\\(sch_1):ins89@ediode.\\1n4148.normal\\(chips)",
			"Logical" : "1N4148_SOD80_D1N4148",
			"Physical" : "1N4148_DAX2DO35_D1N4148"
		},
		{
			"Name" : "D49",
			"C_PATH" : "@sensor_board.schematic1(sch_1):m@sensor_board.matrix(sch_1):col17@sensor_board.\\column of ldr sensor matrix\\(sch_1):\\r-d4\\@sensor_board.\\ldr-d-unit\\(sch_1):ins89@ediode.\\1n4148.normal\\(chips)",
			"Logical" : "1N4148_SOD80_D1N4148",
			"Physical" : "1N4148_DAX2DO35_D1N4148"
		},
		{
			"Name" : "D59",
			"C_PATH" : "@sensor_board.schematic1(sch_1):m@sensor_board.matrix(sch_1):col17@sensor_board.\\column of ldr sensor matrix\\(sch_1):\\r-d5\\@sensor_board.\\ldr-d-unit\\(sch_1):ins89@ediode.\\1n4148.normal\\(chips)",
			"Logical" : "1N4148_SOD80_D1N4148",
			"Physical" : "1N4148_DAX2DO35_D1N4148"
		},
		{
			"Name" : "D69",
			"C_PATH" : "@sensor_board.schematic1(sch_1):m@sensor_board.matrix(sch_1):col17@sensor_board.\\column of ldr sensor matrix\\(sch_1):\\r-d6\\@sensor_board.\\ldr-d-unit\\(sch_1):ins89@ediode.\\1n4148.normal\\(chips)",
			"Logical" : "1N4148_SOD80_D1N4148",
			"Physical" : "1N4148_DAX2DO35_D1N4148"
		},
		{
			"Name" : "D79",
			"C_PATH" : "@sensor_board.schematic1(sch_1):m@sensor_board.matrix(sch_1):col17@sensor_board.\\column of ldr sensor matrix\\(sch_1):\\r-d7\\@sensor_board.\\ldr-d-unit\\(sch_1):ins89@ediode.\\1n4148.normal\\(chips)",
			"Logical" : "1N4148_SOD80_D1N4148",
			"Physical" : "1N4148_DAX2DO35_D1N4148"
		},
		{
			"Name" : "D9",
			"C_PATH" : "@sensor_board.schematic1(sch_1):m@sensor_board.matrix(sch_1):col17@sensor_board.\\column of ldr sensor matrix\\(sch_1):\\r-d\\@sensor_board.\\ldr-d-unit\\(sch_1):ins89@ediode.\\1n4148.normal\\(chips)",
			"Logical" : "1N4148_SOD80_D1N4148",
			"Physical" : "1N4148_DAX2DO35_D1N4148"
		},
		{
			"Name" : "D83",
			"C_PATH" : "@sensor_board.schematic1(sch_1):m@sensor_board.matrix(sch_1):c@sensor_board.ldr_column_even(sch_1):\\r-d\\@sensor_board.\\ldr-d-unit\\(sch_1):ins89@ediode.\\1n4148.normal\\(chips)",
			"Logical" : "1N4148_SOD80_D1N4148",
			"Physical" : "1N4148_DAX2DO35_D1N4148"
		},
		{
			"Name" : "D84",
			"C_PATH" : "@sensor_board.schematic1(sch_1):m@sensor_board.matrix(sch_1):c@sensor_board.ldr_column_even(sch_1):\\r-d2\\@sensor_board.\\ldr-d-unit\\(sch_1):ins89@ediode.\\1n4148.normal\\(chips)",
			"Logical" : "1N4148_SOD80_D1N4148",
			"Physical" : "1N4148_DAX2DO35_D1N4148"
		},
		{
			"Name" : "D85",
			"C_PATH" : "@sensor_board.schematic1(sch_1):m@sensor_board.matrix(sch_1):c@sensor_board.ldr_column_even(sch_1):\\r-d4\\@sensor_board.\\ldr-d-unit\\(sch_1):ins89@ediode.\\1n4148.normal\\(chips)",
			"Logical" : "1N4148_SOD80_D1N4148",
			"Physical" : "1N4148_DAX2DO35_D1N4148"
		},
		{
			"Name" : "D86",
			"C_PATH" : "@sensor_board.schematic1(sch_1):m@sensor_board.matrix(sch_1):c@sensor_board.ldr_column_even(sch_1):\\r-d6\\@sensor_board.\\ldr-d-unit\\(sch_1):ins89@ediode.\\1n4148.normal\\(chips)",
			"Logical" : "1N4148_SOD80_D1N4148",
			"Physical" : "1N4148_DAX2DO35_D1N4148"
		}
	],
	"Net" : [],
	"Connection" : []
}
